{
  "version": 6,
  "validation": {
    "int8": {
      "confusion_matrix": [
        [
          54,
          3,
          2
        ],
        [
          3,
          29,
          0
        ],
        [
          0,
          1,
          50
        ]
      ],
      "classification_report": {
        "0": {
          "precision": 0.9473684210526315,
          "recall": 0.9152542372881356,
          "f1-score": 0.9310344827586207,
          "support": 59
        },
        "1": {
          "precision": 0.8787878787878788,
          "recall": 0.90625,
          "f1-score": 0.8923076923076924,
          "support": 32
        },
        "2": {
          "precision": 0.9615384615384616,
          "recall": 0.9803921568627451,
          "f1-score": 0.970873786407767,
          "support": 51
        },
        "accuracy": 0.9366197183098591,
        "macro avg": {
          "precision": 0.929231587126324,
          "recall": 0.9339654647169602,
          "f1-score": 0.93140532049136,
          "support": 142
        },
        "weighted avg": {
          "precision": 0.9370028908575981,
          "recall": 0.9366197183098591,
          "f1-score": 0.9366158010098654,
          "support": 142
        }
      },
      "roc_auc": 0.9931002421578509,
      "loss": 0.16151506730638412,
      "support": 142,
      "weighted_average": {
        "precision": 0.9370028908575981,
        "recall": 0.9366197183098591,
        "f1-score": 0.9366158010098654
      },
      "subgroup_metrics": {
        "facetted": null,
        "per_key": {
          "class_name": {
            "per_group": {
              "chill": {
                "confusion_matrix": [
                  [
                    54,
                    3,
                    2
                  ],
                  [
                    0,
                    0,
                    0
                  ],
                  [
                    0,
                    0,
                    0
                  ]
                ],
                "classification_report": {
                  "0": {
                    "precision": 1,
                    "recall": 0.9152542372881356,
                    "f1-score": 0.9557522123893806,
                    "support": 59
                  },
                  "1": {
                    "precision": 0,
                    "recall": 0,
                    "f1-score": 0,
                    "support": 0
                  },
                  "2": {
                    "precision": 0,
                    "recall": 0,
                    "f1-score": 0,
                    "support": 0
                  },
                  "accuracy": 0.9152542372881356,
                  "macro avg": {
                    "precision": 0.3333333333333333,
                    "recall": 0.3050847457627119,
                    "f1-score": 0.3185840707964602,
                    "support": 59
                  },
                  "weighted avg": {
                    "precision": 1,
                    "recall": 0.9152542372881356,
                    "f1-score": 0.9557522123893806,
                    "support": 59
                  }
                },
                "roc_auc": null,
                "loss": 0.18821776899407341,
                "support": 59,
                "weighted_average": {
                  "precision": 1,
                  "recall": 0.9152542372881356,
                  "f1-score": 0.9557522123893806
                }
              },
              "groom": {
                "confusion_matrix": [
                  [
                    0,
                    0,
                    0
                  ],
                  [
                    3,
                    29,
                    0
                  ],
                  [
                    0,
                    0,
                    0
                  ]
                ],
                "classification_report": {
                  "0": {
                    "precision": 0,
                    "recall": 0,
                    "f1-score": 0,
                    "support": 0
                  },
                  "1": {
                    "precision": 1,
                    "recall": 0.90625,
                    "f1-score": 0.9508196721311475,
                    "support": 32
                  },
                  "accuracy": 0.90625,
                  "macro avg": {
                    "precision": 0.5,
                    "recall": 0.453125,
                    "f1-score": 0.47540983606557374,
                    "support": 32
                  },
                  "weighted avg": {
                    "precision": 1,
                    "recall": 0.90625,
                    "f1-score": 0.9508196721311475,
                    "support": 32
                  }
                },
                "roc_auc": null,
                "loss": 0.23722937996694154,
                "support": 32,
                "weighted_average": {
                  "precision": 1,
                  "recall": 0.90625,
                  "f1-score": 0.9508196721311475
                }
              },
              "walk": {
                "confusion_matrix": [
                  [
                    0,
                    0,
                    0
                  ],
                  [
                    0,
                    0,
                    0
                  ],
                  [
                    0,
                    1,
                    50
                  ]
                ],
                "classification_report": {
                  "1": {
                    "precision": 0,
                    "recall": 0,
                    "f1-score": 0,
                    "support": 0
                  },
                  "2": {
                    "precision": 1,
                    "recall": 0.9803921568627451,
                    "f1-score": 0.9900990099009901,
                    "support": 51
                  },
                  "accuracy": 0.9803921568627451,
                  "macro avg": {
                    "precision": 0.5,
                    "recall": 0.49019607843137253,
                    "f1-score": 0.49504950495049505,
                    "support": 51
                  },
                  "weighted avg": {
                    "precision": 1,
                    "recall": 0.9803921568627451,
                    "f1-score": 0.9900990099009901,
                    "support": 51
                  }
                },
                "roc_auc": null,
                "loss": 0.08311668682184471,
                "support": 51,
                "weighted_average": {
                  "precision": 1,
                  "recall": 0.9803921568627451,
                  "f1-score": 0.9900990099009901
                }
              }
            }
          }
        }
      },
      "class_names": [
        "chill",
        "groom",
        "walk"
      ]
    },
    "float32": {
      "confusion_matrix": [
        [
          54,
          3,
          2
        ],
        [
          3,
          29,
          0
        ],
        [
          0,
          1,
          50
        ]
      ],
      "classification_report": {
        "0": {
          "precision": 0.9473684210526315,
          "recall": 0.9152542372881356,
          "f1-score": 0.9310344827586207,
          "support": 59
        },
        "1": {
          "precision": 0.8787878787878788,
          "recall": 0.90625,
          "f1-score": 0.8923076923076924,
          "support": 32
        },
        "2": {
          "precision": 0.9615384615384616,
          "recall": 0.9803921568627451,
          "f1-score": 0.970873786407767,
          "support": 51
        },
        "accuracy": 0.9366197183098591,
        "macro avg": {
          "precision": 0.929231587126324,
          "recall": 0.9339654647169602,
          "f1-score": 0.93140532049136,
          "support": 142
        },